distribuidorid,nomedistribuidor,cidadedistribuidor,paisdistribuidor
1,Distribuidor 1,São Paulo,Brasil
2,Distribuidor 2,Rio de Janeiro,Brasil
3,Distribuidor 3,Ceará,Brasil
4,Distribuidor 4,Buenos Aires,Argentina
5,Distribuidor 5,New York,EUA
6,Distribuidor 6,Mato Grosso,Brasil
7,Distribuidor 7,São Paulo,Brasil
8,Distribuidor 8,Rio de Janeiro,Brasil
9,Distribuidor 9,Ceará,Brasil
10,Distribuidor 10,Buenos Aires,Argentina
11,Distribuidor 11,New York,EUA
12,Distribuidor 12,Mato Grosso,Brasil
13,Distribuidor 13,São Paulo,Brasil
14,Distribuidor 14,Rio de Janeiro,Brasil
15,Distribuidor 15,Ceará,Brasil
16,Distribuidor 16,Buenos Aires,Argentina
17,Distribuidor 17,New York,EUA
18,Distribuidor 18,Mato Grosso,Brasil
19,Distribuidor 19,São Paulo,Brasil
20,Distribuidor 20,Rio de Janeiro,Brasil
21,Distribuidor 21,Ceará,Brasil
22,Distribuidor 22,Buenos Aires,Argentina
23,Distribuidor 23,New York,EUA
24,Distribuidor 24,Mato Grosso,Brasil
25,Distribuidor 25,São Paulo,Brasil
26,Distribuidor 26,Rio de Janeiro,Brasil
27,Distribuidor 27,Ceará,Brasil
28,Distribuidor 28,Buenos Aires,Argentina
29,Distribuidor 29,New York,EUA
30,Distribuidor 30,Mato Grosso,Brasil
